source_node_id,target_node_id,bridge_score,semantic_score,keyword_score,function_match,is_mapped,expert_tier,relevance,rationale,node2vec_score
aiuc_1:A001,owasp_agentic:ASI01,0.02921646746347943,0.49986741415128444,0.02929029096891652,1.0,0,None,None,None,0.33019219102589425
aiuc_1:A001,owasp_agentic:ASI02,0.019908116385911202,0.7313157393565739,0.016394551468350095,0.0,0,None,None,None,0.2814705406587409
aiuc_1:A001,owasp_agentic:ASI03,0.01978691019786912,0.5542229101101619,0.010692160626254787,1.0,0,None,None,None,0.2764710144231657
aiuc_1:A001,owasp_agentic:ASI04,0.023008849557522137,0.11758548333034018,0.009558699873955924,1.0,0,None,None,None,0.3009811596892741
aiuc_1:A001,owasp_agentic:ASI05,0.012465373961218851,0.6563724064244378,0.006423603947560548,0.0,0,None,None,None,0.23083155247066833
aiuc_1:A001,owasp_agentic:ASI06,0.049090909090909136,0.2503751029415862,0.02414562828461449,0.0,0,None,None,None,0.38279473888471993
aiuc_1:A001,owasp_agentic:ASI07,0.0,0.8470259562065809,0.0062508863549851764,0.0,0,None,None,None,0.21999917307058914
aiuc_1:A001,owasp_agentic:ASI08,0.0,0.4046516198308724,0.01722009504792716,1.0,0,None,None,None,0.2062873920224864
aiuc_1:A001,owasp_agentic:ASI09,0.026927784577723372,0.5657935853803612,0.016410423675203192,0.0,0,None,None,None,0.32857442010416593
aiuc_1:A001,owasp_agentic:ASI10,0.010752688172043015,0.414925832634674,0.006685486221726957,1.0,0,None,None,None,0.17641084381031757
aiuc_1:A002,owasp_agentic:ASI01,0.020280811232449337,0.6220164261969848,0.00758463441158327,1.0,0,None,None,None,0.3029541409002833
aiuc_1:A002,owasp_agentic:ASI02,0.04406130268199238,0.793834875207946,0.013297257082513999,0.0,0,None,None,None,0.4283924777756182
aiuc_1:A002,owasp_agentic:ASI03,0.0338983050847458,0.5541556081873671,0.0038155476923261676,1.0,0,None,None,None,0.3406291722790181
aiuc_1:A002,owasp_agentic:ASI04,0.03393665158371042,0.1377807035272525,0.0010291131439265097,1.0,0,None,None,None,0.41967124414896134
aiuc_1:A002,owasp_agentic:ASI05,0.004942339373970354,0.7691528155101266,0.010448969260702632,0.0,0,None,None,None,0.31189863988136374
aiuc_1:A002,owasp_agentic:ASI06,0.020134228187919486,0.1813662078840668,0.006165301650038831,0.0,0,None,None,None,0.3183516800782349
aiuc_1:A002,owasp_agentic:ASI07,0.0,0.6619178478041312,0.004109379844949077,0.0,0,None,None,None,0.29046968628439995
aiuc_1:A002,owasp_agentic:ASI08,0.0,0.4173648454095778,0.011295954798925473,1.0,0,None,None,None,0.27331835793454345
aiuc_1:A002,owasp_agentic:ASI09,0.024251069900142686,0.5470898979596092,0.015270598076164956,0.0,0,None,None,None,0.42422435735580183
aiuc_1:A002,owasp_agentic:ASI10,0.012569832402234648,0.38852187071147815,0.0018442001318657645,1.0,0,None,None,None,0.2498031884998299
aiuc_1:A003,owasp_agentic:ASI01,0.12045169385194483,0.6568097579762737,0.06859252438651714,1.0,0,None,None,None,0.3861638654217645
aiuc_1:A003,owasp_agentic:ASI02,0.14619883040935688,0.7757936844172115,0.09188343802098933,1.0,1,Direct,Primary,SCOPE,0.5885836687902701
aiuc_1:A003,owasp_agentic:ASI03,0.14037626628075264,0.5910180762164808,0.12086308856669194,1.0,0,None,None,None,0.45110566675209374
aiuc_1:A003,owasp_agentic:ASI04,0.08750000000000005,0.11184056446156185,0.05376485964167549,1.0,0,None,None,None,0.3413054262209787
aiuc_1:A003,owasp_agentic:ASI05,0.1230158730158731,0.43874290467418237,0.04258982856324143,1.0,0,None,None,None,0.4243441851867592
aiuc_1:A003,owasp_agentic:ASI06,0.14604810996563597,0.6018105495500954,0.06992405167521301,1.0,1,Direct,Primary,SCOPE,0.5856166552192856
aiuc_1:A003,owasp_agentic:ASI07,0.12526096033402928,0.6861228932149548,0.0974987215514366,1.0,0,None,None,None,0.5513838414366499
aiuc_1:A003,owasp_agentic:ASI08,0.12861736334405163,0.17010324681784564,0.057730131029859466,1.0,0,None,None,None,0.3749488721872444
aiuc_1:A003,owasp_agentic:ASI09,0.14610778443113775,0.6227678507628472,0.02729758018131444,1.0,1,Related,Secondary,SCOPE,0.48394637650547556
aiuc_1:A003,owasp_agentic:ASI10,0.12093023255813953,0.48706539041447344,0.08074082976815097,1.0,0,None,None,None,0.36867393292544476
aiuc_1:A004,owasp_agentic:ASI01,0.14514285714285713,0.49133167352405527,0.010699461865451863,1.0,1,Related,Secondary,SCOPE,0.4507356342997025
aiuc_1:A004,owasp_agentic:ASI02,0.1419437340153454,0.7456836205368178,0.014453068859998239,1.0,1,Related,Secondary,SCOPE,0.575674408060304
aiuc_1:A004,owasp_agentic:ASI03,0.13977128335451094,0.5200202366972246,0.017107171526249618,1.0,1,Related,Secondary,SCOPE,0.5216287753733884
aiuc_1:A004,owasp_agentic:ASI04,0.13700564971751425,0.4339235893533054,0.00087606858285379,1.0,1,Related,Secondary,SCOPE,0.5212027060684525
aiuc_1:A004,owasp_agentic:ASI05,0.11785297549591606,0.6341768505845582,0.010618360161892841,1.0,0,None,None,None,0.338266175155596
aiuc_1:A004,owasp_agentic:ASI06,0.1420454545454547,0.132461132367825,0.017525570753910254,1.0,0,None,None,None,0.4207261001262122
aiuc_1:A004,owasp_agentic:ASI07,0.10016977928692707,0.8828499006101472,0.011451116273576782,1.0,0,None,None,None,0.41736116575843013
aiuc_1:A004,owasp_agentic:ASI08,0.09891598915989168,0.33216533843736357,0.00637732080880642,1.0,0,None,None,None,0.2434752787767205
aiuc_1:A004,owasp_agentic:ASI09,0.1058091286307053,0.40606969005118587,0.012722593510692921,1.0,0,None,None,None,0.3010773619375324
aiuc_1:A004,owasp_agentic:ASI10,0.10277492291880774,0.3852863511357304,0.014881624059815045,1.0,0,None,None,None,0.30146050374191935
aiuc_1:A005,owasp_agentic:ASI01,0.07989347536617847,0.4208620800100021,0.06524819709629542,0.0,0,None,None,None,0.3290598079323129
aiuc_1:A005,owasp_agentic:ASI02,0.09175738724727851,0.629873721860908,0.06061648816737813,1.0,0,None,None,None,0.4240018217332512
aiuc_1:A005,owasp_agentic:ASI03,0.08448540706605234,0.6979727967137385,0.007420658640257831,1.0,0,None,None,None,0.3777575931624727
aiuc_1:A005,owasp_agentic:ASI04,0.05317324185248716,0.5213721459054238,0.056960609224322556,1.0,0,None,None,None,0.26065738739175803
aiuc_1:A005,owasp_agentic:ASI05,0.09728183118741071,0.43136484387190216,0.06116176212769778,1.0,0,None,None,None,0.3925929737059393
aiuc_1:A005,owasp_agentic:ASI06,0.12271062271062291,0.12067678466194677,0.07129260660367737,1.0,1,Direct,Primary,ISOLATE,0.6759610990119378
aiuc_1:A005,owasp_agentic:ASI07,0.060324825986078905,0.8781243038416684,0.0559012721305173,1.0,0,None,None,None,0.36813334355728683
aiuc_1:A005,owasp_agentic:ASI08,0.0689655172413794,0.4031255618446414,0.026445985956654885,0.0,0,None,None,None,0.3054882511062592
aiuc_1:A005,owasp_agentic:ASI09,0.09102244389027432,0.5927995784253679,0.05405267925165348,0.0,0,None,None,None,0.3564396586488985
aiuc_1:A005,owasp_agentic:ASI10,0.06521739130434784,0.3033912856871276,0.0022099958698034963,1.0,0,None,None,None,0.30195727765645797
aiuc_1:A006,owasp_agentic:ASI01,0.09291521486643435,0.5764149298764548,0.017304037514685382,0.0,0,None,None,None,0.3092696154864345
aiuc_1:A006,owasp_agentic:ASI02,0.10638297872340434,0.7207335078109672,0.01295853163550068,1.0,0,None,None,None,0.4059049304500564
aiuc_1:A006,owasp_agentic:ASI03,0.10582010582010587,0.668324794353411,0.0063545712721954665,1.0,0,None,None,None,0.38058000395778413
aiuc_1:A006,owasp_agentic:ASI04,0.08139534883720935,0.1485384660315669,0.0012160829248291398,1.0,0,None,None,None,0.3541985957567113
aiuc_1:A006,owasp_agentic:ASI05,0.10467980295566513,0.581638998546226,0.00137215741908842,1.0,0,None,None,None,0.3691216522579729
aiuc_1:A006,owasp_agentic:ASI06,0.13957055214723946,0.21080861089153713,0.010267948905094432,1.0,1,Related,Secondary,ISOLATE,0.5555130549953229
aiuc_1:A006,owasp_agentic:ASI07,0.07116788321167886,0.8495954052529081,0.0068439315178189615,1.0,0,None,None,None,0.3579722762663303
aiuc_1:A006,owasp_agentic:ASI08,0.0760401721664276,0.5345649063779522,0.006470067635741367,0.0,0,None,None,None,0.2531842912364497
aiuc_1:A006,owasp_agentic:ASI09,0.08884073672806059,0.3776900526075978,0.01140607713614077,0.0,0,None,None,None,0.3093479032121747
aiuc_1:A006,owasp_agentic:ASI10,0.08700322234156814,0.35647917886209446,0.0021792553166435492,1.0,0,None,None,None,0.27600081286597333
aiuc_1:A007,owasp_agentic:ASI01,0.0959409594095941,0.4780112526909407,0.0058308661051454085,1.0,0,None,None,None,0.30356749038305586
aiuc_1:A007,owasp_agentic:ASI02,0.10764872521246471,0.7082669994976638,0.02915488809693179,1.0,1,Related,Secondary,SCOPE,0.5087017317644092
aiuc_1:A007,owasp_agentic:ASI03,0.10860366713681252,0.45183012051902727,0.0028924126497445503,1.0,1,Related,Secondary,SCOPE,0.5225217851587427
aiuc_1:A007,owasp_agentic:ASI04,0.10158730158730166,0.3871080100457786,0.041743272978770875,1.0,1,Related,Secondary,SCOPE,0.5062613064342328
aiuc_1:A007,owasp_agentic:ASI05,0.0971502590673576,0.7276164904029707,0.006500035477403783,1.0,0,None,None,None,0.3538880332177735
aiuc_1:A007,owasp_agentic:ASI06,0.10350318471337594,0.11931902169021005,0.0024606167177695618,1.0,0,None,None,None,0.32085305631089983
aiuc_1:A007,owasp_agentic:ASI07,0.07400000000000002,0.8434311635619592,0.00311515494093841,1.0,0,None,None,None,0.38736144113033055
aiuc_1:A007,owasp_agentic:ASI08,0.1023622047244096,0.33529419642101416,0.02139806516742541,1.0,0,None,None,None,0.3235472477350184
aiuc_1:A007,owasp_agentic:ASI09,0.10277136258660499,0.3431328838614604,0.0009898869118673416,1.0,0,None,None,None,0.3306962822270945
aiuc_1:A007,owasp_agentic:ASI10,0.09442548350398175,0.6271110047043142,0.03744657814299328,1.0,0,None,None,None,0.29064646391667487
aiuc_1:B001,owasp_agentic:ASI01,0.13654618473895574,0.6730654914867358,0.06581534607745332,1.0,1,Direct,Primary,VALID,0.46074205849952854
aiuc_1:B001,owasp_agentic:ASI02,0.10206185567010306,0.569784699383028,0.0752045330527898,1.0,0,None,None,None,0.32901193626650604
aiuc_1:B001,owasp_agentic:ASI03,0.10051282051282051,0.33900063663571167,0.047262856021400027,1.0,0,None,None,None,0.29687963379823534
aiuc_1:B001,owasp_agentic:ASI04,0.05483870967741937,0.21760491077491131,0.043856984526219486,1.0,0,None,None,None,0.17155129626586987
aiuc_1:B001,owasp_agentic:ASI05,0.1678681771369722,0.7306006990316362,0.06479346775033759,1.0,1,Related,Secondary,VALID,0.5055727732791153
aiuc_1:B001,owasp_agentic:ASI06,0.17224880382775132,0.25783447000784493,0.05926651572296951,1.0,1,Direct,Primary,VALID,0.5289437581186833
aiuc_1:B001,owasp_agentic:ASI07,0.05912596401028282,0.8438843055400892,0.003966563440321843,0.0,0,None,None,None,0.3104416385108023
aiuc_1:B001,owasp_agentic:ASI08,0.13972286374133958,0.5926824741165173,0.058764920489695546,1.0,0,None,None,None,0.36990390209930035
aiuc_1:B001,owasp_agentic:ASI09,0.12499999999999983,0.19172110946809437,0.04831285570227835,1.0,0,None,None,None,0.3267216537679925
aiuc_1:B001,owasp_agentic:ASI10,0.159702878365831,0.5939545762797629,0.07480120381012403,1.0,1,Related,Secondary,VALID,0.429011904821102
aiuc_1:B002,owasp_agentic:ASI01,0.15899999999999986,0.8319372657066955,0.08405288532590807,1.0,1,Direct,Primary,PREV,0.4871221036053853
aiuc_1:B002,owasp_agentic:ASI02,0.09717868338557992,0.6386349196317342,0.058099972938313225,0.0,0,None,None,None,0.3508616368559731
aiuc_1:B002,owasp_agentic:ASI03,0.09222797927461135,0.4726450762631285,0.057164046614155896,0.0,0,None,None,None,0.2995805176263097
aiuc_1:B002,owasp_agentic:ASI04,0.07246376811594205,0.16013488054106823,0.011489759691570595,0.0,0,None,None,None,0.2640051165545673
aiuc_1:B002,owasp_agentic:ASI05,0.16266944734098024,0.8365485254145569,0.07655596822478448,1.0,1,Related,Secondary,PREV,0.45538386558932425
aiuc_1:B002,owasp_agentic:ASI06,0.14267990074441692,0.43718604017185,0.07082913023602048,1.0,1,Direct,Primary,PREV,0.5322355877380295
aiuc_1:B002,owasp_agentic:ASI07,0.08783783783783788,0.5835662114185153,0.004328027863316129,0.0,0,None,None,None,0.4024247777158022
aiuc_1:B002,owasp_agentic:ASI08,0.11136624569460392,0.35075559848938187,0.048698789617912235,1.0,0,None,None,None,0.3477245694544926
aiuc_1:B002,owasp_agentic:ASI09,0.10578661844484614,0.3318976721497002,0.10410945806704774,1.0,0,None,None,None,0.3262138971103534
aiuc_1:B002,owasp_agentic:ASI10,0.11716621253405991,0.3090884492675903,0.05694435960606701,1.0,0,None,None,None,0.2873317531125358
aiuc_1:B003,owasp_agentic:ASI01,0.07785888077858881,0.5515433036530597,0.061128752448374964,1.0,0,None,None,None,0.23237325939313835
aiuc_1:B003,owasp_agentic:ASI02,0.08823529411764716,0.7339433993214656,0.06498007614817232,0.0,0,None,None,None,0.34065248216802746
aiuc_1:B003,owasp_agentic:ASI03,0.10000000000000013,0.40188832187849194,0.046628545359611466,0.0,1,Related,Secondary,PREV,0.5105913978730564
aiuc_1:B003,owasp_agentic:ASI04,0.05837173579109066,0.21406947586308495,0.0658452486819205,0.0,0,None,None,None,0.25835286278781583
aiuc_1:B003,owasp_agentic:ASI05,0.09492847854356315,0.6819517634214848,0.08279714605985206,1.0,0,None,None,None,0.361436768006327
aiuc_1:B003,owasp_agentic:ASI06,0.088607594936709,0.11715028282413567,0.06383206701733034,1.0,0,None,None,None,0.36075744357148276
aiuc_1:B003,owasp_agentic:ASI07,0.05765407554671972,0.820236974267433,0.06597167019829317,0.0,0,None,None,None,0.35959077273973383
aiuc_1:B003,owasp_agentic:ASI08,0.09448818897637809,0.45449621097838433,0.00761970026564396,1.0,0,None,None,None,0.3465267279804144
aiuc_1:B003,owasp_agentic:ASI09,0.08077360637087594,0.5467199097213093,0.08114554255297,1.0,0,None,None,None,0.2889174463933465
aiuc_1:B003,owasp_agentic:ASI10,0.11149825783972127,0.552461566861843,0.06107605272579312,1.0,1,Related,Secondary,PREV,0.49155330521810603
aiuc_1:B004,owasp_agentic:ASI01,0.10740354535974962,0.7098057654156398,0.013045617622459897,1.0,0,None,None,None,0.3066324531133612
aiuc_1:B004,owasp_agentic:ASI02,0.09792626728110598,0.8662497007129064,0.0029249573511076366,0.0,0,None,None,None,0.3705579862564632
aiuc_1:B004,owasp_agentic:ASI03,0.09873708381171065,0.2867239425982985,0.06572242887423341,0.0,0,None,None,None,0.3413414100842864
aiuc_1:B004,owasp_agentic:ASI04,0.06527093596059114,0.1893127685321243,0.06267594186400763,0.0,0,None,None,None,0.2998057082615685
aiuc_1:B004,owasp_agentic:ASI05,0.11868131868131865,0.6725126303338527,0.00189668929395588,1.0,0,None,None,None,0.3660248767785427
aiuc_1:B004,owasp_agentic:ASI06,0.12793733681462144,0.23400797050033054,0.05451872062257877,1.0,0,None,None,None,0.44332416632584476
aiuc_1:B004,owasp_agentic:ASI07,0.07272727272727275,0.6729578820875187,0.06699393347091505,0.0,0,None,None,None,0.3822978997176293
aiuc_1:B004,owasp_agentic:ASI08,0.08739076154806494,0.4654015274775521,0.00976161082177804,1.0,0,None,None,None,0.33442235589214203
aiuc_1:B004,owasp_agentic:ASI09,0.1396761133603237,0.508267077173874,0.08451168419747018,1.0,1,Related,Secondary,PREV,0.476152519126815
aiuc_1:B004,owasp_agentic:ASI10,0.10214007782101157,0.36665045420933856,0.01425368878622888,1.0,0,None,None,None,0.3304171830974129
aiuc_1:B005,owasp_agentic:ASI01,0.11045828437132786,0.5359939399387026,0.06684298307955383,1.0,1,Direct,Primary,PREV,0.4865810264005407
aiuc_1:B005,owasp_agentic:ASI02,0.08364544319600503,0.7107000116214672,0.06586483349462563,0.0,0,None,None,None,0.3074508141341466
aiuc_1:B005,owasp_agentic:ASI03,0.09000000000000005,0.48637830506250446,0.056811215129255056,0.0,0,None,None,None,0.3285305335055698
aiuc_1:B005,owasp_agentic:ASI04,0.052631578947368446,0.20313699684742725,0.02618962333514757,0.0,0,None,None,None,0.1395336898021847
aiuc_1:B005,owasp_agentic:ASI05,0.1281741233373641,0.9142988531020144,0.09562537829760706,1.0,1,Related,Secondary,PREV,0.44635157909345846
aiuc_1:B005,owasp_agentic:ASI06,0.13062409288824403,0.4691034319758317,0.08189782924347437,1.0,1,Direct,Primary,PREV,0.5383384624471842
aiuc_1:B005,owasp_agentic:ASI07,0.06861063464837054,0.518494988044258,0.03491957061011017,0.0,0,None,None,None,0.3679349671984825
aiuc_1:B005,owasp_agentic:ASI08,0.13748191027496404,0.34354702662683567,0.05701445587655725,1.0,1,Related,Secondary,PREV,0.462700408885258
aiuc_1:B005,owasp_agentic:ASI09,0.0855057351407716,0.4534785865250182,0.05331911629181676,1.0,0,None,None,None,0.22318524951695223
aiuc_1:B005,owasp_agentic:ASI10,0.11016949152542369,0.24878223173369016,0.0486797058233096,1.0,0,None,None,None,0.36598741468906937
aiuc_1:B006,owasp_agentic:ASI01,0.14687100893997454,0.6238870924833236,0.0450331057435157,1.0,1,Direct,Primary,SCOPE,0.47556356852419396
aiuc_1:B006,owasp_agentic:ASI02,0.14347826086956542,0.8234004173279412,0.09347396304665236,1.0,1,Direct,Primary,SCOPE,0.6398625126337565
aiuc_1:B006,owasp_agentic:ASI03,0.13421828908554592,0.5174343613071737,0.10516567807696325,1.0,1,Direct,Primary,SCOPE,0.5588221286901618
aiuc_1:B006,owasp_agentic:ASI04,0.10742496050552934,0.15015684429604642,0.029224389567206917,1.0,0,None,None,None,0.35463889811049926
aiuc_1:B006,owasp_agentic:ASI05,0.14939434724091535,0.5367566184195898,0.02425998063146752,1.0,1,Direct,Primary,SCOPE,0.5268242290912771
aiuc_1:B006,owasp_agentic:ASI06,0.16086235489220596,0.19934888187763658,0.013462729922680423,1.0,1,Related,Secondary,SCOPE,0.6128930494043403
aiuc_1:B006,owasp_agentic:ASI07,0.1404612159329142,0.6689584482805155,0.07155781722483588,1.0,1,Direct,Primary,SCOPE,0.6595906274891121
aiuc_1:B006,owasp_agentic:ASI08,0.16282894736842138,0.2738831073030838,0.04286390474867266,1.0,1,Related,Secondary,SCOPE,0.5419529435693922
aiuc_1:B006,owasp_agentic:ASI09,0.13981042654028433,0.541090623356548,0.0385079249219213,1.0,0,None,None,None,0.4469253852617246
aiuc_1:B006,owasp_agentic:ASI10,0.1440377804014168,0.7246891877629408,0.1319798588053754,1.0,1,Direct,Primary,SCOPE,0.49305644982435687
aiuc_1:B007,owasp_agentic:ASI01,0.07967770814682171,0.46826730653177484,0.048263902458776736,1.0,0,None,None,None,0.3690542276746437
aiuc_1:B007,owasp_agentic:ASI02,0.17577706323687028,0.7424848187689925,0.09991397794663279,1.0,1,Direct,Primary,SCOPE,0.5695764229963076
aiuc_1:B007,owasp_agentic:ASI03,0.17628205128205124,0.8388593817055634,0.06405272269118437,1.0,1,Direct,Primary,SCOPE,0.5143956079635135
aiuc_1:B007,owasp_agentic:ASI04,0.08029978586723771,0.18126997943862308,0.054964262743138315,1.0,0,None,None,None,0.3339903466793077
aiuc_1:B007,owasp_agentic:ASI05,0.10142180094786726,0.5357582095891998,0.0898420184928138,1.0,0,None,None,None,0.3515872453405907
aiuc_1:B007,owasp_agentic:ASI06,0.10043668122270737,0.18990398794839763,0.060624148764379535,1.0,0,None,None,None,0.38543388992464994
aiuc_1:B007,owasp_agentic:ASI07,0.0853503184713376,0.6758202241357366,0.09014695344366268,1.0,0,None,None,None,0.45578817938679517
aiuc_1:B007,owasp_agentic:ASI08,0.07978723404255315,0.27121704584293566,0.03155159296890455,1.0,0,None,None,None,0.2934903459701937
aiuc_1:B007,owasp_agentic:ASI09,0.1705069124423961,0.6165834211456465,0.06622647378882981,1.0,1,Related,Secondary,SCOPE,0.4410986351569024
aiuc_1:B007,owasp_agentic:ASI10,0.17155963302752286,0.5030729250076655,0.034367978236406645,1.0,1,Related,Secondary,SCOPE,0.4425199435512571
aiuc_1:B008,owasp_agentic:ASI01,0.09295499021526406,0.43706505080607566,0.020450812023370714,0.0,0,None,None,None,0.3091048049371503
aiuc_1:B008,owasp_agentic:ASI02,0.16666666666666652,0.7429678245475875,0.03391278838123232,1.0,1,Related,Secondary,ISOLATE,0.5362950517784388
aiuc_1:B008,owasp_agentic:ASI03,0.16589861751152055,0.4885077532991821,0.03587067570577881,1.0,1,Direct,Primary,ISOLATE,0.5262482680181598
aiuc_1:B008,owasp_agentic:ASI04,0.1616161616161615,0.4549302227675057,0.02565777568783371,1.0,1,Direct,Primary,ISOLATE,0.48130219201787444
aiuc_1:B008,owasp_agentic:ASI05,0.16884531590413931,0.48063549705793746,0.02346443593887265,1.0,1,Direct,Primary,ISOLATE,0.45529938736049547
aiuc_1:B008,owasp_agentic:ASI06,0.09665871121718372,0.17577199013322262,0.011496535976779378,1.0,0,None,None,None,0.3109992689949844
aiuc_1:B008,owasp_agentic:ASI07,0.17204301075268824,0.8317142396810038,0.03810953658801528,1.0,1,Direct,Primary,ISOLATE,0.6250330738276868
aiuc_1:B008,owasp_agentic:ASI08,0.07674418604651162,0.35647437883132216,0.025086841037833773,0.0,0,None,None,None,0.2524605268436662
aiuc_1:B008,owasp_agentic:ASI09,0.10065237651444531,0.2138747255672712,0.004283499327672087,0.0,0,None,None,None,0.2786475181292633
aiuc_1:B008,owasp_agentic:ASI10,0.1635651322233103,0.7917874430479768,0.02348148735924933,1.0,1,Direct,Primary,ISOLATE,0.3911956883995853
aiuc_1:B009,owasp_agentic:ASI01,0.10126582278481011,0.5958886367303009,0.012777341272434309,1.0,0,None,None,None,0.36116203141773856
aiuc_1:B009,owasp_agentic:ASI02,0.1084967320261439,0.7235989008912329,0.013089286583007072,1.0,0,None,None,None,0.3960707237905343
aiuc_1:B009,owasp_agentic:ASI03,0.1021992238033636,0.3355921609018791,0.006398081479062886,1.0,0,None,None,None,0.33973155960134926
aiuc_1:B009,owasp_agentic:ASI04,0.071932299012694,0.270568148261157,0.0,1.0,0,None,None,None,0.24219836481860482
aiuc_1:B009,owasp_agentic:ASI05,0.12162162162162177,0.864750603282739,0.012346540565774677,1.0,1,Related,Secondary,SCOPE,0.44923504382443014
aiuc_1:B009,owasp_agentic:ASI06,0.12278106508875758,0.32799132297841793,0.010338254290277469,1.0,1,Related,Secondary,SCOPE,0.5225672699013371
aiuc_1:B009,owasp_agentic:ASI07,0.07486631016042786,0.7886356632133943,0.0,1.0,0,None,None,None,0.31593285104066027
aiuc_1:B009,owasp_agentic:ASI08,0.11175616835994212,0.4151983579637989,0.009506522057917346,1.0,0,None,None,None,0.37923651161262467
aiuc_1:B009,owasp_agentic:ASI09,0.12444933920704837,0.25423903712352725,0.013152420463405512,1.0,1,Related,Secondary,SCOPE,0.42072622440635044
aiuc_1:B009,owasp_agentic:ASI10,0.11982570806100215,0.3291312086423271,0.011242755667309647,1.0,1,Related,Secondary,SCOPE,0.4093415813604548
aiuc_1:C001,owasp_agentic:ASI01,0.06644518272425244,0.38055345843799765,0.022130278969447734,1.0,0,None,None,None,0.3227421625972924
aiuc_1:C001,owasp_agentic:ASI02,0.02767749699157641,0.7844520258517059,0.10035789055792682,0.0,0,None,None,None,0.2595555819502553
aiuc_1:C001,owasp_agentic:ASI03,0.02754491017964071,0.2605021847455387,0.022817829889682995,1.0,0,None,None,None,0.24720692942281436
aiuc_1:C001,owasp_agentic:ASI04,0.024064171122994662,0.24427929232727838,0.060658472345660644,1.0,0,None,None,None,0.23886837135989608
aiuc_1:C001,owasp_agentic:ASI05,0.0773739742086753,0.6852794040394653,0.10137688578492947,0.0,0,None,None,None,0.40264600439873083
aiuc_1:C001,owasp_agentic:ASI06,0.061026352288488246,0.2777881629943406,0.06703617741504254,0.0,0,None,None,None,0.387633834873768
aiuc_1:C001,owasp_agentic:ASI07,0.0,0.34621244150490943,0.012595017323737615,0.0,0,None,None,None,0.21346885919619418
aiuc_1:C001,owasp_agentic:ASI08,0.06925207756232692,0.7226068065487087,0.02356772114372905,1.0,0,None,None,None,0.3987409711444413
aiuc_1:C001,owasp_agentic:ASI09,0.055498458376156135,0.39580313230420217,0.016720969243339448,0.0,0,None,None,None,0.3451336403771661
aiuc_1:C001,owasp_agentic:ASI10,0.06378600823045263,0.8384472029783581,0.030590345939044868,1.0,0,None,None,None,0.3466375088981812
aiuc_1:C002,owasp_agentic:ASI01,0.16033254156769602,0.530378681729946,0.014595971640171118,1.0,1,Related,Secondary,VALID,0.4315277810748691
aiuc_1:C002,owasp_agentic:ASI02,0.0796019900497513,0.7397621075125712,0.004914194885511444,1.0,0,None,None,None,0.286791227680748
aiuc_1:C002,owasp_agentic:ASI03,0.07920792079207926,0.25870865606161586,0.011087589581604461,1.0,0,None,None,None,0.331273042833843
aiuc_1:C002,owasp_agentic:ASI04,0.090909090909091,0.21463675691784662,0.0011041548206540122,1.0,0,None,None,None,0.4261448477894051
aiuc_1:C002,owasp_agentic:ASI05,0.1647940074906369,0.7384367803943832,0.02373188740709454,1.0,1,Related,Secondary,VALID,0.4956163048914883
aiuc_1:C002,owasp_agentic:ASI06,0.08344923504867882,0.20312507051292372,0.005257488456395967,1.0,0,None,None,None,0.2752410428011214
aiuc_1:C002,owasp_agentic:ASI07,0.05772495755517829,0.5675395713649769,0.004630167061490629,0.0,0,None,None,None,0.357851340261152
aiuc_1:C002,owasp_agentic:ASI08,0.1180654338549077,0.7187675816302761,0.0031223895114823744,1.0,0,None,None,None,0.38585345512390584
aiuc_1:C002,owasp_agentic:ASI09,0.10980810234541569,0.2916465775669192,0.006718661075914197,1.0,0,None,None,None,0.421069590457788
aiuc_1:C002,owasp_agentic:ASI10,0.09968520461699888,0.7666934683472643,0.0127276699837038,1.0,0,None,None,None,0.32839334230207373
aiuc_1:C003,owasp_agentic:ASI01,0.13358302122347068,0.6713074096812457,0.025482893422166503,1.0,1,Related,Secondary,PREV,0.5070083976925344
aiuc_1:C003,owasp_agentic:ASI02,0.08855585831062678,0.7223875103402057,0.00703308609633828,0.0,0,None,None,None,0.3831505721021366
aiuc_1:C003,owasp_agentic:ASI03,0.09699453551912575,0.14993517570813558,0.049516262580956615,0.0,0,None,None,None,0.39630756976956144
aiuc_1:C003,owasp_agentic:ASI04,0.059612518628912106,0.23896195632229048,0.041790394979054034,0.0,0,None,None,None,0.271685417836266
aiuc_1:C003,owasp_agentic:ASI05,0.12500000000000014,0.8780788188834705,0.015559006691188617,1.0,0,None,None,None,0.4866112035094956
aiuc_1:C003,owasp_agentic:ASI06,0.11635220125786185,0.4127774805362782,0.039163880378985286,1.0,0,None,None,None,0.39643408323909696
aiuc_1:C003,owasp_agentic:ASI07,0.057251908396946605,0.5324351403128801,0.05404320970771418,0.0,0,None,None,None,0.35042943766007506
aiuc_1:C003,owasp_agentic:ASI08,0.14536741214057533,0.4762572381361085,0.013678037318760867,1.0,1,Related,Secondary,PREV,0.5441201529393176
aiuc_1:C003,owasp_agentic:ASI09,0.13551401869158872,0.49601042346621815,0.09434862164201864,1.0,1,Direct,Primary,PREV,0.5366440834182351
aiuc_1:C003,owasp_agentic:ASI10,0.10872027180067943,0.3970578137805009,0.015581142350841598,1.0,0,None,None,None,0.4405209485727052
aiuc_1:C004,owasp_agentic:ASI01,0.1319261213720318,0.4606217986709981,0.00884704662634823,1.0,1,Related,Secondary,PREV,0.5599777405381381
aiuc_1:C004,owasp_agentic:ASI02,0.095029239766082,0.7160547231323077,0.0,0.0,0,None,None,None,0.38144396287370064
aiuc_1:C004,owasp_agentic:ASI03,0.11721068249258178,0.2395929872923001,0.0045318756208687465,0.0,0,None,None,None,0.46850255600858487
aiuc_1:C004,owasp_agentic:ASI04,0.07131280388978932,0.3608557156782117,0.0,0.0,0,None,None,None,0.2981137280777494
aiuc_1:C004,owasp_agentic:ASI05,0.1321279554937415,0.9075802295878416,0.008489683966243325,1.0,1,Related,Secondary,PREV,0.5633497921139687
aiuc_1:C004,owasp_agentic:ASI06,0.11298482293423288,0.36381150472653984,0.0,1.0,0,None,None,None,0.44682087640527934
aiuc_1:C004,owasp_agentic:ASI07,0.07234042553191491,0.6761859788386835,0.004880871591166086,0.0,0,None,None,None,0.3566531275052041
aiuc_1:C004,owasp_agentic:ASI08,0.11352253756260451,0.5277828300960649,0.0,1.0,0,None,None,None,0.40803329010568
aiuc_1:C004,owasp_agentic:ASI09,0.11218335343787694,0.3502531182067892,0.0,1.0,0,None,None,None,0.4772284850879389
aiuc_1:C004,owasp_agentic:ASI10,0.12333736396614274,0.26977368776477484,0.01521619532996896,1.0,0,None,None,None,0.49148916948556404
aiuc_1:C005,owasp_agentic:ASI01,0.1141374837872893,0.4538525417213233,0.0076793593450058635,1.0,0,None,None,None,0.44052096265861224
aiuc_1:C005,owasp_agentic:ASI02,0.09489051094890526,0.7260453709852752,0.00809724606545543,0.0,0,None,None,None,0.3319034051773159
aiuc_1:C005,owasp_agentic:ASI03,0.09593023255813966,0.21778222755332388,0.029526221030537852,0.0,0,None,None,None,0.3575695781137318
aiuc_1:C005,owasp_agentic:ASI04,0.06089743589743594,0.45064486030382095,0.0,0.0,0,None,None,None,0.3466897961140213
aiuc_1:C005,owasp_agentic:ASI05,0.1256906077348068,0.8808910135364845,0.015361202637596877,1.0,1,Related,Secondary,PREV,0.5520891403209647
aiuc_1:C005,owasp_agentic:ASI06,0.10350584307178651,0.17191254768794073,0.007668185421321894,1.0,0,None,None,None,0.33650220786924934
aiuc_1:C005,owasp_agentic:ASI07,0.06315789473684214,0.4856008288202196,0.0037203287633370045,0.0,0,None,None,None,0.33621304675750885
aiuc_1:C005,owasp_agentic:ASI08,0.11148086522462583,0.6579041501524372,0.0,1.0,0,None,None,None,0.42427439339761847
aiuc_1:C005,owasp_agentic:ASI09,0.12560975609756098,0.3534462545989807,0.008136301713096065,1.0,1,Related,Secondary,PREV,0.4938284552173921
aiuc_1:C005,owasp_agentic:ASI10,0.09669811320754718,0.5661049665362805,0.014119290693941645,1.0,0,None,None,None,0.39590045126009
aiuc_1:C006,owasp_agentic:ASI01,0.11757425742574266,0.577063044749669,0.0557122345196861,1.0,1,Related,Secondary,PREV,0.4886024016848744
aiuc_1:C006,owasp_agentic:ASI02,0.10584958217270211,0.8113513929196441,0.09064890058866276,0.0,0,None,None,None,0.4045830672138506
aiuc_1:C006,owasp_agentic:ASI03,0.10679611650485453,0.27907208328362826,0.004634344999384428,0.0,0,None,None,None,0.38042256857630957
aiuc_1:C006,owasp_agentic:ASI04,0.07786259541984737,0.44190616753366957,0.08381080480589476,0.0,0,None,None,None,0.3481025197969345
aiuc_1:C006,owasp_agentic:ASI05,0.09973404255319163,0.8331656256172666,0.10584589074411827,1.0,1,Direct,Primary,PREV,0.507125091128075
aiuc_1:C006,owasp_agentic:ASI06,0.1316211878009633,0.28120067256896436,0.05662801790798016,1.0,0,None,None,None,0.4231910301703642
aiuc_1:C006,owasp_agentic:ASI07,0.07226562500000004,0.7127871273954591,0.05933985222630465,0.0,0,None,None,None,0.3102782808327703
aiuc_1:C006,owasp_agentic:ASI08,0.10730948678071556,0.46454643922825545,0.014058192436046307,1.0,0,None,None,None,0.3556785016583818
aiuc_1:C006,owasp_agentic:ASI09,0.12050984936268827,0.18379770960285882,0.07049989276896765,1.0,1,Related,Secondary,PREV,0.4589519660278285
aiuc_1:C006,owasp_agentic:ASI10,0.11314285714285714,0.36985421664752965,0.010918062083468738,1.0,0,None,None,None,0.37491278625368435
aiuc_1:C007,owasp_agentic:ASI01,0.08513341804320207,0.6517465834419222,0.004442034640184007,1.0,0,None,None,None,0.33194339703324094
aiuc_1:C007,owasp_agentic:ASI02,0.11194029850746284,0.7027789411157852,0.02253246893995049,1.0,0,None,None,None,0.47067638046252436
aiuc_1:C007,owasp_agentic:ASI03,0.08393632416787275,0.25382239602871504,0.022804107277808995,0.0,0,None,None,None,0.31804152799663654
aiuc_1:C007,owasp_agentic:ASI04,0.07704918032786892,0.21953531847035335,0.012522739943563087,0.0,0,None,None,None,0.3781932846143058
aiuc_1:C007,owasp_agentic:ASI05,0.08144192256341795,0.8148129480212287,0.006556381086886771,0.0,0,None,None,None,0.30915411985893054
aiuc_1:C007,owasp_agentic:ASI06,0.0807248764415158,0.213079444084409,0.017842964903118604,0.0,0,None,None,None,0.32549115676771895
aiuc_1:C007,owasp_agentic:ASI07,0.05932203389830513,0.2581369722403681,0.013754369262156566,0.0,0,None,None,None,0.3375349282869845
aiuc_1:C007,owasp_agentic:ASI08,0.11616161616161638,0.6888663598803473,0.010879689022290763,1.0,1,Related,Secondary,GATE,0.5708117922594812
aiuc_1:C007,owasp_agentic:ASI09,0.11138014527845035,0.6187734910425646,0.028500469322191517,1.0,1,Direct,Primary,GATE,0.5678819170701881
aiuc_1:C007,owasp_agentic:ASI10,0.1077844311377246,0.6132010042090511,0.01824089300013213,1.0,1,Related,Secondary,GATE,0.5474301982243297
aiuc_1:C008,owasp_agentic:ASI01,0.10939510939510945,0.6024649012053042,0.005818911061651568,1.0,0,None,None,None,0.37947108279572034
aiuc_1:C008,owasp_agentic:ASI02,0.09288824383164018,0.6372018221879375,0.0106716028076051,1.0,0,None,None,None,0.30805753295935007
aiuc_1:C008,owasp_agentic:ASI03,0.10029069767441873,0.1887825387573976,0.0185941801878175,1.0,0,None,None,None,0.38661758376367433
aiuc_1:C008,owasp_agentic:ASI04,0.07779578606158838,0.23045698844864995,0.002092572339336504,1.0,0,None,None,None,0.3406902565695896
aiuc_1:C008,owasp_agentic:ASI05,0.12672176308539962,0.857886300470752,0.016679139690582614,1.0,0,None,None,None,0.38304872424284353
aiuc_1:C008,owasp_agentic:ASI06,0.10116086235489236,0.29135828057563773,0.00937019318093242,1.0,0,None,None,None,0.39148822880421064
aiuc_1:C008,owasp_agentic:ASI07,0.08085106382978725,0.37120841455021875,0.005182656875651201,1.0,0,None,None,None,0.4034212441019009
aiuc_1:C008,owasp_agentic:ASI08,0.08225806451612916,0.635413179049338,0.00423923164685271,1.0,0,None,None,None,0.284664086693846
aiuc_1:C008,owasp_agentic:ASI09,0.09069493521790341,0.41374289570766093,0.08113129506801299,1.0,0,None,None,None,0.3483586304201793
aiuc_1:C008,owasp_agentic:ASI10,0.13780487804878064,0.749449495437279,0.02219908563211343,1.0,1,Related,Secondary,DETECT,0.456165399511698
aiuc_1:C009,owasp_agentic:ASI01,0.12041884816753931,0.5390947887148679,0.00328406523407812,1.0,1,Direct,Primary,GATE,0.4738968563774836
aiuc_1:C009,owasp_agentic:ASI02,0.1132637853949331,0.6282258426216394,0.015973503987222748,1.0,1,Related,Secondary,GATE,0.5875972386632765
aiuc_1:C009,owasp_agentic:ASI03,0.09315866084425048,0.27052281533752215,0.03327539275983494,0.0,0,None,None,None,0.36003670340727234
aiuc_1:C009,owasp_agentic:ASI04,0.0803278688524591,0.17712430831338766,0.01446800258443411,0.0,0,None,None,None,0.3599879500728308
aiuc_1:C009,owasp_agentic:ASI05,0.10326086956521749,0.8542734548196825,0.02850516478017267,0.0,0,None,None,None,0.37458943087523006
aiuc_1:C009,owasp_agentic:ASI06,0.08580858085808596,0.28516243089342175,0.014020169589516705,0.0,0,None,None,None,0.38060710409207643
aiuc_1:C009,owasp_agentic:ASI07,0.07725321888412025,0.7025148330364972,0.031588822938642847,0.0,0,None,None,None,0.38268105561662785
aiuc_1:C009,owasp_agentic:ASI08,0.13869863013698658,0.5535564071330583,0.021999206674337395,1.0,1,Related,Secondary,GATE,0.5815464411046036
aiuc_1:C009,owasp_agentic:ASI09,0.1260709914320685,0.701618721850795,0.022203083797407364,1.0,1,Direct,Primary,GATE,0.5701785020159381
aiuc_1:C009,owasp_agentic:ASI10,0.12363636363636366,0.28246218272813317,0.02107367138178993,1.0,1,Related,Secondary,GATE,0.5647108505386937
aiuc_1:C010,owasp_agentic:ASI01,0.11454311454311457,0.4065700373706467,0.01342961378518225,1.0,0,None,None,None,0.4997720200198121
aiuc_1:C010,owasp_agentic:ASI02,0.08142857142857152,0.6375312940193243,0.0415273912701552,1.0,0,None,None,None,0.3725762826981448
aiuc_1:C010,owasp_agentic:ASI03,0.06882022471910118,0.1634941822322728,0.0,1.0,0,None,None,None,0.32665116837663366
aiuc_1:C010,owasp_agentic:ASI04,0.01826484018264841,0.25698288525425544,0.05553155899886974,1.0,0,None,None,None,0.16860868384571695
aiuc_1:C010,owasp_agentic:ASI05,0.09600000000000009,0.7887841163998618,0.01267123585789627,1.0,0,None,None,None,0.40232513291874333
aiuc_1:C010,owasp_agentic:ASI06,0.05863708399366093,0.4757502593679404,0.0029077044767889366,1.0,0,None,None,None,0.2961414109582681
aiuc_1:C010,owasp_agentic:ASI07,0.024000000000000014,0.59490917349001,0.005208436330505731,0.0,0,None,None,None,0.2506080043442114
aiuc_1:C010,owasp_agentic:ASI08,0.13636363636363658,0.8501760807094416,0.035943466679710656,1.0,0,None,None,None,0.4845383760245704
aiuc_1:C010,owasp_agentic:ASI09,0.1425061425061425,0.28646705977770315,0.02124399689183875,1.0,1,Direct,Primary,VALID,0.5215431795958927
aiuc_1:C010,owasp_agentic:ASI10,0.0933488914819136,0.5198524331201462,0.0454822347181432,1.0,0,None,None,None,0.39820887399199717
aiuc_1:C011,owasp_agentic:ASI01,0.12798874824191292,0.29022443398429687,0.0044301521814869415,1.0,1,Related,Secondary,VALID,0.5249331571082867
aiuc_1:C011,owasp_agentic:ASI02,0.08962264150943408,0.6867795074352482,0.03976557447676184,1.0,0,None,None,None,0.4242054232139719
aiuc_1:C011,owasp_agentic:ASI03,0.08906250000000013,0.2536997480171857,0.0,1.0,0,None,None,None,0.4207592615465736
aiuc_1:C011,owasp_agentic:ASI04,0.020236087689713335,0.24554514871333252,0.06361795201876445,1.0,0,None,None,None,0.2461604283817282
aiuc_1:C011,owasp_agentic:ASI05,0.11799410029498543,0.8584063756130604,0.0,1.0,0,None,None,None,0.4894630852203306
aiuc_1:C011,owasp_agentic:ASI06,0.0728241563055063,0.3324966389719854,0.003331118506737227,1.0,0,None,None,None,0.3453797086415943
aiuc_1:C011,owasp_agentic:ASI07,0.02752293577981653,0.6481654912114861,0.0,0.0,0,None,None,None,0.26025950646205914
aiuc_1:C011,owasp_agentic:ASI08,0.13358070500927663,0.7755510177471389,0.03000022625001818,1.0,0,None,None,None,0.4693174480866402
aiuc_1:C011,owasp_agentic:ASI09,0.08385481852315393,0.32856233272457197,0.0,1.0,0,None,None,None,0.4176067124283298
aiuc_1:C011,owasp_agentic:ASI10,0.09673366834170857,0.5173085487671667,0.054100459491926774,1.0,0,None,None,None,0.4941845036882053
aiuc_1:C012,owasp_agentic:ASI01,0.0795454545454546,0.3426518177150181,0.0035175058055257158,1.0,0,None,None,None,0.5070337958047635
aiuc_1:C012,owasp_agentic:ASI02,0.05339805825242724,0.560458570290733,0.03886137714892016,1.0,0,None,None,None,0.37744306908340836
aiuc_1:C012,owasp_agentic:ASI03,0.053054662379421275,0.44257070531747233,0.02346569426070054,1.0,0,None,None,None,0.3563832849906286
aiuc_1:C012,owasp_agentic:ASI04,0.0,0.42859897140696546,0.05051215091364013,1.0,0,None,None,None,0.20343278235405748
aiuc_1:C012,owasp_agentic:ASI05,0.07025411061285508,0.7414195111591466,0.008001461629132506,1.0,0,None,None,None,0.41051912567345916
aiuc_1:C012,owasp_agentic:ASI06,0.038817005545286554,0.0953087139906972,0.009546536488267846,1.0,0,None,None,None,0.3145537865458947
aiuc_1:C012,owasp_agentic:ASI07,0.0,0.39858546563230735,0.0,0.0,0,None,None,None,0.25300922450521895
aiuc_1:C012,owasp_agentic:ASI08,0.08380952380952393,0.7880152850190976,0.023819942448592146,1.0,0,None,None,None,0.4777864838603533
aiuc_1:C012,owasp_agentic:ASI09,0.06597671410090557,0.5197519584799224,0.0073229769660517795,1.0,0,None,None,None,0.42641747358666116
aiuc_1:C012,owasp_agentic:ASI10,0.06675224646983313,0.7582673827518402,0.04522442732432378,1.0,0,None,None,None,0.4263591462520343
aiuc_1:D001,owasp_agentic:ASI01,0.11067193675889334,0.38470440899722846,0.007756127129562947,1.0,0,None,None,None,0.37805587111988115
aiuc_1:D001,owasp_agentic:ASI02,0.09715994020926769,0.4201958091438225,0.0063925397087741306,0.0,0,None,None,None,0.38641423991020574
aiuc_1:D001,owasp_agentic:ASI03,0.09171597633136105,0.2198498960474528,0.006726966989498724,0.0,0,None,None,None,0.3945368543787484
aiuc_1:D001,owasp_agentic:ASI04,0.06600660066006604,0.3700019518597621,0.0,0.0,0,None,None,None,0.3048312209560024
aiuc_1:D001,owasp_agentic:ASI05,0.11126564673157176,0.7699492005659845,0.02448517449104482,1.0,0,None,None,None,0.4146994121078197
aiuc_1:D001,owasp_agentic:ASI06,0.12173913043478282,0.45887159257065174,0.0,1.0,0,None,None,None,0.4423084166890096
aiuc_1:D001,owasp_agentic:ASI07,0.06535947712418302,0.6069536337166137,0.007245005119417267,0.0,0,None,None,None,0.34253510119476394
aiuc_1:D001,owasp_agentic:ASI08,0.1319444444444447,0.8985188074054078,0.053809361396140724,1.0,1,Direct,Primary,PREV,0.5803673742527745
aiuc_1:D001,owasp_agentic:ASI09,0.1239157372986369,0.5232200029200865,0.00642337300399283,1.0,1,Direct,Primary,PREV,0.4952002522129945
aiuc_1:D001,owasp_agentic:ASI10,0.11057108140947752,0.23846072384800354,0.0,1.0,0,None,None,None,0.44009346378307423
aiuc_1:D002,owasp_agentic:ASI01,0.14093137254901955,0.29398828831746066,0.0024488615734418336,1.0,0,None,None,None,0.42116400820950844
aiuc_1:D002,owasp_agentic:ASI02,0.11684782608695662,0.41716212451359336,0.043114047954031405,1.0,0,None,None,None,0.40267134381453085
aiuc_1:D002,owasp_agentic:ASI03,0.11170928667563938,0.2099078572355366,0.0,1.0,0,None,None,None,0.416435598867093
aiuc_1:D002,owasp_agentic:ASI04,0.06069364161849716,0.2788925257684442,0.059541529616111546,1.0,0,None,None,None,0.29914097339485834
aiuc_1:D002,owasp_agentic:ASI05,0.16099476439790594,0.5899738979249785,0.010961288192956784,1.0,0,None,None,None,0.4629569933843042
aiuc_1:D002,owasp_agentic:ASI06,0.10725075528700924,0.5503522148017612,0.003117671740913169,1.0,0,None,None,None,0.39540404843842514
aiuc_1:D002,owasp_agentic:ASI07,0.051001821493624803,0.6474020921775481,0.0,0.0,0,None,None,None,0.26265894021972447
aiuc_1:D002,owasp_agentic:ASI08,0.1653543307086617,0.9121949573357095,0.07771198732411153,1.0,1,Direct,Primary,VALID,0.49565799963308194
aiuc_1:D002,owasp_agentic:ASI09,0.14367816091954014,0.6117174777046677,0.005924957312438339,1.0,1,Direct,Primary,VALID,0.4821090578295945
aiuc_1:D002,owasp_agentic:ASI10,0.14253135689851765,0.3815689629190912,0.03832907998137875,1.0,1,Related,Secondary,VALID,0.4993835890944279
aiuc_1:D003,owasp_agentic:ASI01,0.15099999999999988,0.547401752572888,0.02363382268525442,1.0,1,Direct,Primary,SCOPE,0.4297587750167405
aiuc_1:D003,owasp_agentic:ASI02,0.12653975363941775,0.8923832785283701,0.11456066832440168,1.0,1,Direct,Primary,SCOPE,0.5360719805013098
aiuc_1:D003,owasp_agentic:ASI03,0.14567360350492886,0.32657741023344306,0.04891295988598269,1.0,1,Direct,Primary,SCOPE,0.4843363563367845
aiuc_1:D003,owasp_agentic:ASI04,0.1028901734104047,0.29913917686552116,0.06875991698252763,1.0,0,None,None,None,0.27363775917660216
aiuc_1:D003,owasp_agentic:ASI05,0.15553235908141963,0.794275364641299,0.12852736091703207,1.0,1,Direct,Primary,SCOPE,0.47130237208768977
aiuc_1:D003,owasp_agentic:ASI06,0.1565533980582525,0.1925159477794184,0.08694062890934326,1.0,1,Related,Secondary,SCOPE,0.4864762171929549
aiuc_1:D003,owasp_agentic:ASI07,0.11781206171108007,0.5475881369762824,0.016451715531660034,1.0,0,None,None,None,0.4784696540913579
aiuc_1:D003,owasp_agentic:ASI08,0.1608222490931078,0.4189949529446861,0.024082320438831205,1.0,1,Direct,Primary,SCOPE,0.4698787892152626
aiuc_1:D003,owasp_agentic:ASI09,0.1281337047353759,0.3862616536506498,0.031649590039622186,1.0,0,None,None,None,0.31673157963138326
aiuc_1:D003,owasp_agentic:ASI10,0.14849624060150374,0.48787364292056884,0.025889157847262485,1.0,1,Direct,Primary,SCOPE,0.4288244670891469
aiuc_1:D004,owasp_agentic:ASI01,0.1405269761606023,0.3925836028667164,0.02432482998561234,1.0,0,None,None,None,0.41156775255153344
aiuc_1:D004,owasp_agentic:ASI02,0.09461426491994192,0.8492908367042384,0.1461980364522325,1.0,1,Direct,Primary,VALID,0.5061891169826116
aiuc_1:D004,owasp_agentic:ASI03,0.13559322033898324,0.23616150538962663,0.02349594446596719,1.0,1,Related,Secondary,VALID,0.510717358044493
aiuc_1:D004,owasp_agentic:ASI04,0.08371385083713857,0.2182168506358984,0.1243370251549386,1.0,0,None,None,None,0.35298208173202045
aiuc_1:D004,owasp_agentic:ASI05,0.14116094986807404,0.8094301403469817,0.1264649382091566,1.0,1,Direct,Primary,VALID,0.46377575696077955
aiuc_1:D004,owasp_agentic:ASI06,0.11093750000000019,0.25409746837341624,0.09125170516264927,1.0,0,None,None,None,0.38299035716460456
aiuc_1:D004,owasp_agentic:ASI07,0.07142857142857147,0.624354213658675,0.0130155815164569,0.0,0,None,None,None,0.36021918720902624
aiuc_1:D004,owasp_agentic:ASI08,0.15619967793880862,0.6111333988506613,0.04568947491194488,1.0,0,None,None,None,0.46336320039655854
aiuc_1:D004,owasp_agentic:ASI09,0.12096774193548379,0.427519204214753,0.008265739367812476,1.0,0,None,None,None,0.3829910083184671
aiuc_1:D004,owasp_agentic:ASI10,0.1408614668218859,0.5298990487217161,0.0397685112329064,1.0,1,Direct,Primary,VALID,0.500122679549636
aiuc_1:E001,owasp_agentic:ASI01,0.0713436385255648,0.7598674596136503,0.010096049687907985,1.0,0,None,None,None,0.3219730544847079
aiuc_1:E001,owasp_agentic:ASI02,0.06738544474393535,0.44781561582386226,0.002789373320869668,0.0,0,None,None,None,0.3446259066492962
aiuc_1:E001,owasp_agentic:ASI03,0.06702412868632711,0.5139155914435029,0.0,1.0,0,None,None,None,0.3486701250930788
aiuc_1:E001,owasp_agentic:ASI04,0.03681885125184096,0.14835082414704953,0.009290432200263356,1.0,0,None,None,None,0.22020253492952097
aiuc_1:E001,owasp_agentic:ASI05,0.08070617906683489,0.40102957637975195,0.010482784693256347,0.0,0,None,None,None,0.3435069820698422
aiuc_1:E001,owasp_agentic:ASI06,0.0700152207001523,0.21298160366699073,0.013244698944635704,0.0,0,None,None,None,0.346148291964211
aiuc_1:E001,owasp_agentic:ASI07,0.055984555984556005,0.7179800981447929,0.008443465513117148,0.0,0,None,None,None,0.38088000230959085
aiuc_1:E001,owasp_agentic:ASI08,0.1374570446735397,0.8151942945352066,0.02510739484043446,1.0,1,Direct,Primary,GOVERN,0.6610520159157092
aiuc_1:E001,owasp_agentic:ASI09,0.06984478935698442,0.36820682392038956,0.013763718121995944,0.0,0,None,None,None,0.32109961144885046
aiuc_1:E001,owasp_agentic:ASI10,0.15714285714285722,0.6408418703069655,0.01100903157963588,1.0,1,Direct,Primary,GOVERN,0.5232506468561243
aiuc_1:E002,owasp_agentic:ASI01,0.06325706594885602,0.7400686997809963,0.024039820120311937,1.0,0,None,None,None,0.37278741292535567
aiuc_1:E002,owasp_agentic:ASI02,0.04447852760736202,0.5900307038059597,0.009270807973721443,0.0,0,None,None,None,0.3556680495741713
aiuc_1:E002,owasp_agentic:ASI03,0.03787878787878792,0.10585184746867476,0.0,1.0,0,None,None,None,0.3351548573014409
aiuc_1:E002,owasp_agentic:ASI04,0.013675213675213684,0.26047293144308054,0.0020121312245827026,1.0,0,None,None,None,0.18653333456342958
aiuc_1:E002,owasp_agentic:ASI05,0.05516265912305523,0.7115275093361952,0.012995692556404403,0.0,0,None,None,None,0.34112243313417123
aiuc_1:E002,owasp_agentic:ASI06,0.05150976909413862,0.47537485410376223,0.0134127658142844,0.0,0,None,None,None,0.3178803546329606
aiuc_1:E002,owasp_agentic:ASI07,0.028301886792452845,0.42887977544601524,0.004408579333440002,0.0,0,None,None,None,0.34060520304378217
aiuc_1:E002,owasp_agentic:ASI08,0.15192307692307716,0.7876243748540038,0.040114858415848324,1.0,1,Direct,Primary,GOVERN,0.7434569387137088
aiuc_1:E002,owasp_agentic:ASI09,0.046568627450980386,0.3698799193806682,0.020059422497971262,0.0,0,None,None,None,0.3483105045082824
aiuc_1:E002,owasp_agentic:ASI10,0.09681528662420388,0.6156633216429007,0.011845391847555346,1.0,0,None,None,None,0.4605190610505493
aiuc_1:E003,owasp_agentic:ASI01,0.06325706594885602,0.6071493335800714,0.01294145859192139,1.0,0,None,None,None,0.3681184053737935
aiuc_1:E003,owasp_agentic:ASI02,0.04447852760736202,0.3622619732190998,0.008262079167690808,0.0,0,None,None,None,0.3528405772275044
aiuc_1:E003,owasp_agentic:ASI03,0.03787878787878792,0.17276251528367964,0.0,1.0,0,None,None,None,0.3369972506303049
aiuc_1:E003,owasp_agentic:ASI04,0.013675213675213684,0.3600832433504413,0.002038279362895954,1.0,0,None,None,None,0.1807251341658599
aiuc_1:E003,owasp_agentic:ASI05,0.05516265912305523,0.581079209185277,0.011065446588896391,0.0,0,None,None,None,0.3535084000636718
aiuc_1:E003,owasp_agentic:ASI06,0.05150976909413862,0.48047432856016536,0.013587067992686254,0.0,0,None,None,None,0.3369079472959179
aiuc_1:E003,owasp_agentic:ASI07,0.028301886792452845,0.4417315155260078,0.0,0.0,0,None,None,None,0.3407054139939525
aiuc_1:E003,owasp_agentic:ASI08,0.15192307692307716,0.9271299675177423,0.06579013847374161,1.0,1,Direct,Primary,GOVERN,0.7174884789063323
aiuc_1:E003,owasp_agentic:ASI09,0.046568627450980386,0.4942152709483933,0.014179183649330976,0.0,0,None,None,None,0.33718936098565705
aiuc_1:E003,owasp_agentic:ASI10,0.09681528662420388,0.4344273836869241,0.01638354530596263,1.0,0,None,None,None,0.4620995618537995
aiuc_1:E004,owasp_agentic:ASI01,0.047453703703703644,0.6752861481112804,0.012031923060588354,1.0,0,None,None,None,0.28453407026340605
aiuc_1:E004,owasp_agentic:ASI02,0.05710491367861887,0.5933008815398501,0.0020021494903184234,0.0,0,None,None,None,0.315265413500072
aiuc_1:E004,owasp_agentic:ASI03,0.03896103896103896,0.3612968924434483,0.0,1.0,0,None,None,None,0.21219301893728584
aiuc_1:E004,owasp_agentic:ASI04,0.10452418096723874,0.15337394747387037,0.0011506212968004645,1.0,0,None,None,None,0.39115585078248205
aiuc_1:E004,owasp_agentic:ASI05,0.05256723716381417,0.6077309336450152,0.01079461821505071,0.0,0,None,None,None,0.32455448842624435
aiuc_1:E004,owasp_agentic:ASI06,0.030612244897959207,0.13234142417534767,0.0,0.0,0,None,None,None,0.16053886601050404
aiuc_1:E004,owasp_agentic:ASI07,0.04952380952380955,0.5570780445327459,0.0,0.0,0,None,None,None,0.38721409857490896
aiuc_1:E004,owasp_agentic:ASI08,0.057777777777777824,0.694205724142178,0.006574810792558911,1.0,0,None,None,None,0.27850022250989737
aiuc_1:E004,owasp_agentic:ASI09,0.14946619217081838,0.5818086461987105,0.007814932441447237,0.0,1,Related,Secondary,GOVERN,0.4826816419189362
aiuc_1:E004,owasp_agentic:ASI10,0.0574214517876489,0.7740912204821795,0.002061946210492193,1.0,0,None,None,None,0.2802237669481281
aiuc_1:E005,owasp_agentic:ASI01,0.04000000000000001,0.3739295674126888,0.0037385500878260296,1.0,0,None,None,None,0.2726692915405381
aiuc_1:E005,owasp_agentic:ASI02,0.06339144215530909,0.5425226337475936,0.004091649174818563,0.0,0,None,None,None,0.3436972893793875
aiuc_1:E005,owasp_agentic:ASI03,0.06299212598425202,0.6403318076062698,0.002398038847821939,1.0,0,None,None,None,0.32883784710478664
aiuc_1:E005,owasp_agentic:ASI04,0.1211538461538462,0.21911369725398502,0.004236981142039695,1.0,1,Related,Secondary,GOVERN,0.6089005607354253
aiuc_1:E005,owasp_agentic:ASI05,0.04249291784702553,0.4908674315974174,0.004780763704419528,0.0,0,None,None,None,0.25771996945878717
aiuc_1:E005,owasp_agentic:ASI06,0.013937282229965176,0.3186695826405988,0.00387483896350416,0.0,0,None,None,None,0.15311638094091468
aiuc_1:E005,owasp_agentic:ASI07,0.05185185185185187,0.7792248222809078,0.007236404099068543,0.0,0,None,None,None,0.2869970996850242
aiuc_1:E005,owasp_agentic:ASI08,0.029720279720279758,0.7486877466049932,0.0020429202665428847,1.0,0,None,None,None,0.17714683668366413
aiuc_1:E005,owasp_agentic:ASI09,0.0317848410757946,0.15204654834870038,0.005774266560200054,0.0,0,None,None,None,0.17581075701280646
aiuc_1:E005,owasp_agentic:ASI10,0.03151515151515151,0.7687404469719434,0.004484424771941041,1.0,0,None,None,None,0.22826158657537154
aiuc_1:E006,owasp_agentic:ASI01,0.03661971830985917,0.2986865939611196,0.006794791540519782,1.0,0,None,None,None,0.2629943954311863
aiuc_1:E006,owasp_agentic:ASI02,0.05378151260504206,0.7767254474704075,0.040081627903751305,1.0,0,None,None,None,0.3823079177543358
aiuc_1:E006,owasp_agentic:ASI03,0.05342237061769621,0.4479828404539755,0.004466955655461497,1.0,0,None,None,None,0.350338317591775
aiuc_1:E006,owasp_agentic:ASI04,0.06250000000000001,0.635999043707786,0.0718179263338951,1.0,1,Direct,Primary,VALID,0.6679722530485694
aiuc_1:E006,owasp_agentic:ASI05,0.03592814371257489,0.7255419846017567,0.00402574437084457,1.0,0,None,None,None,0.3841744475307097
aiuc_1:E006,owasp_agentic:ASI06,0.015094339622641527,0.07825535745829305,0.00998558103829702,1.0,0,None,None,None,0.20971569896630832
aiuc_1:E006,owasp_agentic:ASI07,0.06111111111111114,0.46787641575812094,0.006794736785235576,0.0,0,None,None,None,0.4366289813659411
aiuc_1:E006,owasp_agentic:ASI08,0.014897579143389215,0.5333596112865254,0.04803199489697886,1.0,0,None,None,None,0.19771934098134716
aiuc_1:E006,owasp_agentic:ASI09,0.026957637997432605,0.5671690928649007,0.006681286965786815,1.0,0,None,None,None,0.30074149869023287
aiuc_1:E006,owasp_agentic:ASI10,0.015094339622641515,0.6169336953614091,0.04317660474084955,1.0,0,None,None,None,0.21887857698712537
aiuc_1:E007,owasp_agentic:ASI01,0.051122194513715684,0.41905876260214675,0.0,1.0,0,None,None,None,0.3603672248021582
aiuc_1:E007,owasp_agentic:ASI02,0.05459770114942533,0.6662364470267452,0.0,0.0,0,None,None,None,0.36478270353581826
aiuc_1:E007,owasp_agentic:ASI03,0.04090267983074756,0.4781870666833523,0.0,1.0,0,None,None,None,0.2644727500172603
aiuc_1:E007,owasp_agentic:ASI04,0.15151515151515157,0.16113933802746896,0.00924230217235394,1.0,1,Related,Secondary,GOVERN,0.5409949950095003
aiuc_1:E007,owasp_agentic:ASI05,0.03901170351105334,0.7505174695906888,0.0,0.0,0,None,None,None,0.28028860070583833
aiuc_1:E007,owasp_agentic:ASI06,0.02056962025316459,0.17364371612170446,0.0,0.0,0,None,None,None,0.23195827516592937
aiuc_1:E007,owasp_agentic:ASI07,0.04487179487179489,0.7462152370854442,0.0,0.0,0,None,None,None,0.3559355938720341
aiuc_1:E007,owasp_agentic:ASI08,0.043200000000000065,0.4264726823184124,0.022221559105439097,1.0,0,None,None,None,0.28275662034916377
aiuc_1:E007,owasp_agentic:ASI09,0.09939393939393935,0.4347619511394007,0.0,0.0,0,None,None,None,0.45271813411481143
aiuc_1:E007,owasp_agentic:ASI10,0.05178365937859604,0.7877361915697368,0.0,1.0,0,None,None,None,0.3213690693885827
aiuc_1:E008,owasp_agentic:ASI01,0.16288384512683593,0.4693951666635437,0.0,1.0,1,Related,Secondary,GOVERN,0.5008826001057816
aiuc_1:E008,owasp_agentic:ASI02,0.04526748971193419,0.6536333160678869,0.0,0.0,0,None,None,None,0.3766963750157062
aiuc_1:E008,owasp_agentic:ASI03,0.045020463847203304,0.4003830183813393,0.0,1.0,0,None,None,None,0.3646396328557666
aiuc_1:E008,owasp_agentic:ASI04,0.029007633587786266,0.1761153367167885,0.0,1.0,0,None,None,None,0.29764874639397965
aiuc_1:E008,owasp_agentic:ASI05,0.05889884763124204,0.760435145750791,0.017023450486779182,0.0,0,None,None,None,0.3735131406217484
aiuc_1:E008,owasp_agentic:ASI06,0.04828660436137077,0.16839113442137257,0.0,0.0,0,None,None,None,0.317905864875005
aiuc_1:E008,owasp_agentic:ASI07,0.03193612774451099,0.7774220970758867,0.0,0.0,0,None,None,None,0.38111702848325146
aiuc_1:E008,owasp_agentic:ASI08,0.044546850998463956,0.7273812446270799,0.0,1.0,0,None,None,None,0.30204820913655617
aiuc_1:E008,owasp_agentic:ASI09,0.04236343366778144,0.32998214289170935,0.0034827028980721117,0.0,0,None,None,None,0.3466224044450672
aiuc_1:E008,owasp_agentic:ASI10,0.03858875413450934,0.5872174279485263,0.0,1.0,0,None,None,None,0.3058024260174137
aiuc_1:E009,owasp_agentic:ASI01,0.12927350427350423,0.5963100296455974,0.002129232026942771,1.0,0,None,None,None,0.3751838033353653
aiuc_1:E009,owasp_agentic:ASI02,0.13532934131736535,0.6543208189106562,0.05245696666536535,1.0,1,Direct,Primary,DETECT,0.52662352781921
aiuc_1:E009,owasp_agentic:ASI03,0.1346841477949941,0.7237212687142203,0.03136957231942336,1.0,1,Direct,Primary,DETECT,0.4750677245488606
aiuc_1:E009,owasp_agentic:ASI04,0.1286089238845145,0.15375354769039598,0.060884737159912584,1.0,1,Direct,Primary,DETECT,0.5206050781139338
aiuc_1:E009,owasp_agentic:ASI05,0.13058035714285718,0.44276365068642604,0.023596890419106495,1.0,0,None,None,None,0.3729835758094562
aiuc_1:E009,owasp_agentic:ASI06,0.13624338624338628,0.1449238312688761,0.0084140003008232,1.0,0,None,None,None,0.38605118747699724
aiuc_1:E009,owasp_agentic:ASI07,0.12660256410256418,0.7951998938992461,0.0192217008423141,1.0,1,Direct,Primary,DETECT,0.6079762699956466
aiuc_1:E009,owasp_agentic:ASI08,0.11168164313222084,0.38881969855886933,0.044249127242256284,1.0,0,None,None,None,0.2946691615711569
aiuc_1:E009,owasp_agentic:ASI09,0.14038657171922678,0.5737036364205494,0.006663027479413702,1.0,1,Related,Secondary,DETECT,0.39277547725693274
aiuc_1:E009,owasp_agentic:ASI10,0.12015888778550145,0.6266654763018074,0.06538061441646496,1.0,0,None,None,None,0.3803715060667196
aiuc_1:E010,owasp_agentic:ASI01,0.12837837837837848,0.5764045264746752,0.003245266796636724,1.0,1,Related,Secondary,GOVERN,0.506446173501422
aiuc_1:E010,owasp_agentic:ASI02,0.10000000000000013,0.887048083405285,0.011559640772388215,0.0,0,None,None,None,0.3722571642321211
aiuc_1:E010,owasp_agentic:ASI03,0.1179173047473202,0.3990981059296782,0.007946378668488784,1.0,1,Related,Secondary,GOVERN,0.4997630599959905
aiuc_1:E010,owasp_agentic:ASI04,0.06333333333333337,0.1369354843853802,0.009833152122447527,1.0,0,None,None,None,0.2588733297131773
aiuc_1:E010,owasp_agentic:ASI05,0.11881188118811896,0.6149440418032868,0.017189314091315095,0.0,0,None,None,None,0.4115574900745303
aiuc_1:E010,owasp_agentic:ASI06,0.0851788756388417,0.22784840212670526,0.012840049572751944,0.0,0,None,None,None,0.322596117518111
aiuc_1:E010,owasp_agentic:ASI07,0.07847533632286997,0.5982044814537298,0.0,0.0,0,None,None,None,0.3737127330295572
aiuc_1:E010,owasp_agentic:ASI08,0.08235294117647071,0.42578304645243487,0.012779873744227574,1.0,0,None,None,None,0.3211503703445219
aiuc_1:E010,owasp_agentic:ASI09,0.1044226044226044,0.5729754868687857,0.012741206455550604,0.0,0,None,None,None,0.42601654467967204
aiuc_1:E010,owasp_agentic:ASI10,0.10218978102189781,0.5598813385533423,0.0036578544728257064,1.0,0,None,None,None,0.4114993759765426
aiuc_1:E011,owasp_agentic:ASI01,0.0,0.47812526022915014,0.008034711938104448,1.0,0,None,None,None,0.2187191250172913
aiuc_1:E011,owasp_agentic:ASI02,0.0,0.6594790440756483,0.008793575503643151,0.0,0,None,None,None,0.23287243109762623
aiuc_1:E011,owasp_agentic:ASI03,0.0,0.369759050150722,0.004041964968953648,1.0,0,None,None,None,0.24541955853855768
aiuc_1:E011,owasp_agentic:ASI04,0.0,0.15782720792916494,0.001090181439798689,1.0,0,None,None,None,0.24052505725139006
aiuc_1:E011,owasp_agentic:ASI05,0.0,0.6420330350237482,0.0012300974877864034,0.0,0,None,None,None,0.21933812730157737
aiuc_1:E011,owasp_agentic:ASI06,0.01882845188284521,0.5197443248378525,0.0065311549748436025,0.0,0,None,None,None,0.3858727184310642
aiuc_1:E011,owasp_agentic:ASI07,0.0,0.7915359253541302,0.004353233327633232,0.0,0,None,None,None,0.25368416345399647
aiuc_1:E011,owasp_agentic:ASI08,0.0,0.7195919338757624,0.0043905459251804635,1.0,0,None,None,None,0.22411367680959954
aiuc_1:E011,owasp_agentic:ASI09,0.017663043478260886,0.14273480632577612,0.005218677900995939,0.0,0,None,None,None,0.3283260535606728
aiuc_1:E011,owasp_agentic:ASI10,0.0,0.6194491703656582,0.001953636261376839,1.0,0,None,None,None,0.2365497384261064
aiuc_1:E012,owasp_agentic:ASI01,0.0273972602739726,0.4374903624984415,0.009774157319336087,1.0,0,None,None,None,0.3277059496968159
aiuc_1:E012,owasp_agentic:ASI02,0.025787965616045877,0.6440119711730569,0.010697308258738335,0.0,0,None,None,None,0.3699156568463486
aiuc_1:E012,owasp_agentic:ASI03,0.025641025641025657,0.2955325484224975,0.004712342041108926,1.0,0,None,None,None,0.3307899022453651
aiuc_1:E012,owasp_agentic:ASI04,0.04492512479201333,0.23679018652734563,0.0015268924688883166,1.0,0,None,None,None,0.4459229081851717
aiuc_1:E012,owasp_agentic:ASI05,0.0,0.7345715424884015,0.001722856876417129,0.0,0,None,None,None,0.23131890913433412
aiuc_1:E012,owasp_agentic:ASI06,0.014563106796116521,0.1365616288335844,0.00761437479081382,0.0,0,None,None,None,0.3279950601273865
aiuc_1:E012,owasp_agentic:ASI07,0.0,0.7303051060698279,0.005075235580251224,0.0,0,None,None,None,0.2846745676562289
aiuc_1:E012,owasp_agentic:ASI08,0.0,0.45317079860974313,0.005341061001448686,1.0,0,None,None,None,0.25276307432514494
aiuc_1:E012,owasp_agentic:ASI09,0.010227272727272717,0.5855036286590859,0.006348476360598784,0.0,0,None,None,None,0.23798899130073037
aiuc_1:E012,owasp_agentic:ASI10,0.0,0.7973878545448291,0.014556875906503737,1.0,0,None,None,None,0.22941850280914408
aiuc_1:E013,owasp_agentic:ASI01,0.09827213822894164,0.5643183207491476,0.0019461764684681828,1.0,0,None,None,None,0.38071191466571275
aiuc_1:E013,owasp_agentic:ASI02,0.04728950403690886,0.6018599842319767,0.0021299892081664417,0.0,0,None,None,None,0.3377851410321188
aiuc_1:E013,owasp_agentic:ASI03,0.04707233065442018,0.150766324033049,0.006717225090910148,1.0,0,None,None,None,0.2666764987091056
aiuc_1:E013,owasp_agentic:ASI04,0.06910039113428947,0.3073804176670988,0.0012240898877544288,1.0,0,None,None,None,0.35106416107197475
aiuc_1:E013,owasp_agentic:ASI05,0.10192525481313705,0.6465679599042702,0.007917265522921033,0.0,0,None,None,None,0.4523960661743529
aiuc_1:E013,owasp_agentic:ASI06,0.058139534883720936,0.18119633442759694,0.0026863872564259106,0.0,0,None,None,None,0.32551929067485885
aiuc_1:E013,owasp_agentic:ASI07,0.04905063291139241,0.562338998666192,0.0051331032320514666,0.0,0,None,None,None,0.3830455754881867
aiuc_1:E013,owasp_agentic:ASI08,0.06994818652849745,0.6109403774374998,0.0034615484668827244,1.0,0,None,None,None,0.38499405940297865
aiuc_1:E013,owasp_agentic:ASI09,0.07562189054726359,0.576093408714832,0.00785456448560553,0.0,0,None,None,None,0.3738022784445614
aiuc_1:E013,owasp_agentic:ASI10,0.07509881422924895,0.8537926738635933,0.008324534513797468,1.0,0,None,None,None,0.3711597122952898
aiuc_1:E014,owasp_agentic:ASI01,0.06134969325153371,0.46274421582209363,0.0,1.0,0,None,None,None,0.38340781640602156
aiuc_1:E014,owasp_agentic:ASI02,0.03846153846153847,0.3422458534631562,0.0,0.0,0,None,None,None,0.321508134592236
aiuc_1:E014,owasp_agentic:ASI03,0.051175656984785635,0.5907288414315783,0.024638032831102226,1.0,0,None,None,None,0.39086962200094
aiuc_1:E014,owasp_agentic:ASI04,0.03726708074534163,0.24765709075185105,0.00902942081300436,1.0,0,None,None,None,0.32043068686041565
aiuc_1:E014,owasp_agentic:ASI05,0.03530895334174024,0.5460561999208007,0.0,0.0,0,None,None,None,0.299277045357331
aiuc_1:E014,owasp_agentic:ASI06,0.02932098765432102,0.1968640890132197,0.0,0.0,0,None,None,None,0.292567198114568
aiuc_1:E014,owasp_agentic:ASI07,0.0386178861788618,0.8965115720299119,0.0,0.0,0,None,None,None,0.3883921967419988
aiuc_1:E014,owasp_agentic:ASI08,0.07496012759170662,0.5473057724069106,0.0,1.0,0,None,None,None,0.4550349950910065
aiuc_1:E014,owasp_agentic:ASI09,0.07398843930635833,0.3491829786795259,0.024948428848381658,0.0,0,None,None,None,0.4487515978608644
aiuc_1:E014,owasp_agentic:ASI10,0.05286839145106857,0.73920137883771,0.029346764943907776,1.0,0,None,None,None,0.38522846948691203
aiuc_1:E015,owasp_agentic:ASI01,0.1603375527426159,0.6831315214077627,0.012869841917572823,1.0,1,Related,Secondary,DETECT,0.4492400684419122
aiuc_1:E015,owasp_agentic:ASI02,0.16178194607268473,0.583316840366966,0.0058186156365886265,1.0,1,Related,Secondary,DETECT,0.5022397129897876
aiuc_1:E015,owasp_agentic:ASI03,0.16102683780630112,0.33769186236964144,0.018946964350203578,1.0,1,Related,Secondary,DETECT,0.514767086664624
aiuc_1:E015,owasp_agentic:ASI04,0.15325670498084298,0.08797105693421058,0.010814402715233469,1.0,1,Related,Secondary,DETECT,0.4817582298495491
aiuc_1:E015,owasp_agentic:ASI05,0.16171617161716176,0.7256572933085526,0.005592273423440602,1.0,1,Related,Secondary,DETECT,0.4362493686734247
aiuc_1:E015,owasp_agentic:ASI06,0.16990920881971472,0.40849087410686435,0.005631197596921505,1.0,1,Direct,Primary,DETECT,0.49130793882311347
aiuc_1:E015,owasp_agentic:ASI07,0.1619937694704051,0.749743178279715,0.0,1.0,1,Direct,Primary,DETECT,0.6332988188557083
aiuc_1:E015,owasp_agentic:ASI08,0.1820546163849156,0.564545269620793,0.0059111695067628955,1.0,1,Direct,Primary,DETECT,0.513661410253563
aiuc_1:E015,owasp_agentic:ASI09,0.1663326653306611,0.3231783846315672,0.09971662244491228,1.0,1,Related,Secondary,DETECT,0.4070110524708562
aiuc_1:E015,owasp_agentic:ASI10,0.16055500495540126,0.6654092767512575,0.024173109927267226,1.0,1,Direct,Primary,DETECT,0.4302238247565399
aiuc_1:E016,owasp_agentic:ASI01,0.09187749667110522,0.7170121200283383,0.0035444255982718933,0.0,0,None,None,None,0.4302907803203907
aiuc_1:E016,owasp_agentic:ASI02,0.08219178082191791,0.580260829989055,0.0038791899890816303,0.0,0,None,None,None,0.38141299219859753
aiuc_1:E016,owasp_agentic:ASI03,0.08169440242057499,0.300039663953055,0.044862807988415444,0.0,0,None,None,None,0.3910149539974113
aiuc_1:E016,owasp_agentic:ASI04,0.05059021922428334,0.1511179518284167,0.002229343331932028,0.0,0,None,None,None,0.32282844479220985
aiuc_1:E016,owasp_agentic:ASI05,0.09295774647887337,0.6217457309880283,0.0095459560271643,0.0,0,None,None,None,0.3986452319132594
aiuc_1:E016,owasp_agentic:ASI06,0.06324786324786336,0.19884237627356777,0.002889598839056296,0.0,0,None,None,None,0.3368436597301226
aiuc_1:E016,owasp_agentic:ASI07,0.06636155606407326,0.7959063178763094,0.0055213964794584396,0.0,0,None,None,None,0.37049802228985096
aiuc_1:E016,owasp_agentic:ASI08,0.09581881533101061,0.49458001082050507,0.012883539195205743,0.0,0,None,None,None,0.40254161765180047
aiuc_1:E016,owasp_agentic:ASI09,0.12325285895806865,0.7525906288134527,0.03589664923291774,1.0,1,Direct,Primary,DISCLOSE,0.6140470952406805
aiuc_1:E016,owasp_agentic:ASI10,0.11934673366834177,0.4413506589244639,0.055532094777628986,1.0,1,Related,Secondary,DISCLOSE,0.5608780205932754
aiuc_1:E017,owasp_agentic:ASI01,0.0528683914510686,0.3002152336284147,0.006228748440914401,0.0,0,None,None,None,0.31213770732577056
aiuc_1:E017,owasp_agentic:ASI02,0.042875157629256,0.4944457218222323,0.0,0.0,0,None,None,None,0.23782645467902022
aiuc_1:E017,owasp_agentic:ASI03,0.04265997490589712,0.3755733303585642,0.021818301256919734,0.0,0,None,None,None,0.25724550405232394
aiuc_1:E017,owasp_agentic:ASI04,0.03646563814866762,0.36775416995331334,0.0066332535226647955,0.0,0,None,None,None,0.2095968530849817
aiuc_1:E017,owasp_agentic:ASI05,0.039627039627039645,0.4609353381402212,0.0,0.0,0,None,None,None,0.22373759367027765
aiuc_1:E017,owasp_agentic:ASI06,0.03651685393258429,0.17892594388431043,0.00381290982446366,0.0,0,None,None,None,0.2722238164053281
aiuc_1:E017,owasp_agentic:ASI07,0.030088495575221256,0.8923270247382789,0.0,0.0,0,None,None,None,0.2773082911862267
aiuc_1:E017,owasp_agentic:ASI08,0.0463483146067416,0.734686287745791,0.003403682210003752,0.0,0,None,None,None,0.2312456193998353
aiuc_1:E017,owasp_agentic:ASI09,0.15207373271889407,0.40454569977463467,0.025658742051961538,1.0,1,Related,Secondary,DISCLOSE,0.4603201059006672
aiuc_1:E017,owasp_agentic:ASI10,0.04895833333333329,0.7010387571162546,0.025722179064705114,1.0,0,None,None,None,0.2654871955089067
aiuc_1:F001,owasp_agentic:ASI01,0.10245901639344272,0.6345053724057387,0.0033789302254497926,1.0,0,None,None,None,0.4160833059421053
aiuc_1:F001,owasp_agentic:ASI02,0.06240487062404878,0.8624572758139889,0.038636892277879115,0.0,0,None,None,None,0.32603356295974906
aiuc_1:F001,owasp_agentic:ASI03,0.07668711656441728,0.2551155044082309,0.0068196736396883605,0.0,0,None,None,None,0.3325507099929712
aiuc_1:F001,owasp_agentic:ASI04,0.026936026936026956,0.26503078361595533,0.022216566146626843,0.0,0,None,None,None,0.17988946595673982
aiuc_1:F001,owasp_agentic:ASI05,0.12703101920236357,0.6172343716154594,0.039230715238805836,1.0,1,Related,Secondary,PREV,0.5746062289819085
aiuc_1:F001,owasp_agentic:ASI06,0.08556149732620334,0.19986748914054422,0.006508281420895198,1.0,0,None,None,None,0.35522237416546254
aiuc_1:F001,owasp_agentic:ASI07,0.04618937644341804,0.7085043519234929,0.00734485103159083,0.0,0,None,None,None,0.3372385037910554
aiuc_1:F001,owasp_agentic:ASI08,0.10592459605026949,0.2859144997714137,0.0018464069959324078,1.0,0,None,None,None,0.44290323892052086
aiuc_1:F001,owasp_agentic:ASI09,0.08333333333333334,0.6448849764746077,0.002194670902006496,1.0,0,None,None,None,0.3815018928738775
aiuc_1:F001,owasp_agentic:ASI10,0.122762148337596,0.5109721281458426,0.0038085112297505308,1.0,1,Related,Secondary,PREV,0.5532944506109516
aiuc_1:F002,owasp_agentic:ASI01,0.06694560669456073,0.35022837640860766,0.00168910447459344,1.0,0,None,None,None,0.3885659648423308
aiuc_1:F002,owasp_agentic:ASI02,0.05977382875605823,0.8028940892752615,0.019761088418525807,1.0,0,None,None,None,0.36694776597066014
aiuc_1:F002,owasp_agentic:ASI03,0.0749185667752444,0.13385573649489987,0.005772123200429139,1.0,0,None,None,None,0.38600335372699013
aiuc_1:F002,owasp_agentic:ASI04,0.02158273381294966,0.35750323180487553,0.006722362955888795,1.0,0,None,None,None,0.19766606329188874
aiuc_1:F002,owasp_agentic:ASI05,0.10413476263399715,0.8152948642511179,0.012011822234256985,1.0,0,None,None,None,0.5474756910701405
aiuc_1:F002,owasp_agentic:ASI06,0.05390334572490715,0.3511700169927283,0.005508563044108923,1.0,0,None,None,None,0.3029870885802527
aiuc_1:F002,owasp_agentic:ASI07,0.04050632911392407,0.6241856884198651,0.006216629604738486,1.0,0,None,None,None,0.3458431224418249
aiuc_1:F002,owasp_agentic:ASI08,0.08712121212121227,0.6614256205572326,0.0009230064282652952,1.0,0,None,None,None,0.4335318637364934
aiuc_1:F002,owasp_agentic:ASI09,0.06418485237483952,0.5711790104129162,0.001097101210589729,1.0,0,None,None,None,0.3857360553498349
aiuc_1:F002,owasp_agentic:ASI10,0.11615487316421906,0.33905722601828137,0.0019038491269391775,1.0,1,Related,Secondary,DETECT,0.6246600584402979
